{
    "__FREQ_AGRUP_WAVE": {
        "tipo": "grafico",
        "escala_personalizada": {
            "min": 0.0,
            "max": 100.0,
            "unidad": 10.0
        },
        "plot_by": 1,
        "slide_num": 1,
        "left": 7.156850337982178,
        "top": 141.8066864013672,
        "width": 384.41424560546875,
        "height": 313.5050354003906
    },
    "__Cat_PUR_FREQ": {
        "tipo": "grafico",
        "escala_personalizada": {
            "min": 0.0,
            "max": 100.00000000000003,
            "unidad": 20.0
        },
        "plot_by": 2,
        "slide_num": 1,
        "left": 350.6415100097656,
        "top": 137.50811767578125,
        "width": 609.3585205078125,
        "height": 313.6380310058594
    },
    "__TMBA_WAVE": {
        "tipo": "grafico",
        "plot_by": 2,
        "slide_num": 2,
        "left": 44.0,
        "top": 142.53353881835938,
        "width": 820.0,
        "height": 282.7892761230469
    },
    "__TOT_WAVE": {
        "tipo": "grafico",
        "plot_by": 2,
        "slide_num": 3,
        "left": 44.0,
        "top": 142.53353881835938,
        "width": 820.0,
        "height": 282.7892761230469
    },
    "__PREFERENCE_WAVE": {
        "tipo": "grafico",
        "plot_by": 2,
        "slide_num": 4,
        "left": 111.42779541015625,
        "top": 125.9290542602539,
        "width": 720.1818237304688,
        "height": 243.8066864013672
    },
    "__Claimed_WAVE": {
        "tipo": "grafico",
        "plot_by": 2,
        "slide_num": 5,
        "left": 111.42779541015625,
        "top": 125.9290542602539,
        "width": 720.1818237304688,
        "height": 243.8066864013672
    },
    "__Funnel_1_7": {
        "slide_num": 6,
        "left": 187.33314514160156,
        "top": 184.22244262695312,
        "width": 714.0,
        "height": 244.4938507080078,
        "tipo": "tabla",
        "filas": 8,
        "columnas": 14
    },
    "__fun_01": {
        "slide_num": 6,
        "left": 198.35252380371094,
        "top": 106.05078887939453,
        "width": 66.0,
        "height": 72.0,
        "tipo": "placeholder"
    },
    "__fun_02": {
        "slide_num": 6,
        "left": 307.07928466796875,
        "top": 106.41487884521484,
        "width": 66.0,
        "height": 72.0,
        "tipo": "placeholder"
    },
    "__fun_03": {
        "slide_num": 6,
        "left": 408.1703186035156,
        "top": 107.14180755615234,
        "width": 66.0,
        "height": 72.0,
        "tipo": "placeholder"
    },
    "__fun_04": {
        "slide_num": 6,
        "left": 516.8970947265625,
        "top": 107.50590515136719,
        "width": 66.0,
        "height": 72.0,
        "tipo": "placeholder"
    },
    "__fun_05": {
        "slide_num": 6,
        "left": 606.352783203125,
        "top": 108.23346710205078,
        "width": 66.0,
        "height": 72.0,
        "tipo": "placeholder"
    },
    "__fun_06": {
        "slide_num": 6,
        "left": 707.4437866210938,
        "top": 108.96039581298828,
        "width": 66.0,
        "height": 72.0,
        "tipo": "placeholder"
    },
    "__fun_07": {
        "slide_num": 6,
        "left": 816.1705322265625,
        "top": 109.3244857788086,
        "width": 66.0,
        "height": 72.0,
        "tipo": "placeholder"
    },
    "__Funnel_8_14": {
        "slide_num": 7,
        "left": 187.33314514160156,
        "top": 184.22244262695312,
        "width": 714.0,
        "height": 244.4938507080078,
        "tipo": "tabla",
        "filas": 8,
        "columnas": 14
    },
    "__fun_08": {
        "slide_num": 7,
        "left": 198.35252380371094,
        "top": 106.05078887939453,
        "width": 66.0,
        "height": 72.0,
        "tipo": "placeholder"
    },
    "__fun_09": {
        "slide_num": 7,
        "left": 307.07928466796875,
        "top": 106.41487884521484,
        "width": 66.0,
        "height": 72.0,
        "tipo": "placeholder"
    },
    "__fun_10": {
        "slide_num": 7,
        "left": 408.1703186035156,
        "top": 107.14180755615234,
        "width": 66.0,
        "height": 72.0,
        "tipo": "placeholder"
    },
    "__fun_11": {
        "slide_num": 7,
        "left": 516.8970947265625,
        "top": 107.50590515136719,
        "width": 66.0,
        "height": 72.0,
        "tipo": "placeholder"
    },
    "__fun_12": {
        "slide_num": 7,
        "left": 606.352783203125,
        "top": 108.23346710205078,
        "width": 66.0,
        "height": 72.0,
        "tipo": "placeholder"
    },
    "__fun_13": {
        "slide_num": 7,
        "left": 707.4437866210938,
        "top": 108.96039581298828,
        "width": 66.0,
        "height": 72.0,
        "tipo": "placeholder"
    },
    "__fun_14": {
        "slide_num": 7,
        "left": 816.1705322265625,
        "top": 109.3244857788086,
        "width": 66.0,
        "height": 72.0,
        "tipo": "placeholder"
    },
    "__Funnel_15_20": {
        "slide_num": 8,
        "left": 187.33314514160156,
        "top": 184.22244262695312,
        "width": 612.0,
        "height": 244.4938507080078,
        "tipo": "tabla",
        "filas": 8,
        "columnas": 12
    },
    "__fun_15": {
        "slide_num": 8,
        "left": 198.35252380371094,
        "top": 106.05078887939453,
        "width": 66.0,
        "height": 72.0,
        "tipo": "placeholder"
    },
    "__fun_16": {
        "slide_num": 8,
        "left": 307.07928466796875,
        "top": 106.41487884521484,
        "width": 66.0,
        "height": 72.0,
        "tipo": "placeholder"
    },
    "__fun_17": {
        "slide_num": 8,
        "left": 408.1703186035156,
        "top": 107.14180755615234,
        "width": 66.0,
        "height": 72.0,
        "tipo": "placeholder"
    },
    "__fun_18": {
        "slide_num": 8,
        "left": 516.8970947265625,
        "top": 107.50590515136719,
        "width": 66.0,
        "height": 72.0,
        "tipo": "placeholder"
    },
    "__fun_19": {
        "slide_num": 8,
        "left": 606.352783203125,
        "top": 108.23346710205078,
        "width": 66.0,
        "height": 72.0,
        "tipo": "placeholder"
    },
    "__fun_20": {
        "slide_num": 8,
        "left": 707.4437866210938,
        "top": 108.96039581298828,
        "width": 66.0,
        "height": 72.0,
        "tipo": "placeholder"
    },
    "__FUNNEL_Cremon_WAVE_DEMOS": {
        "slide_num": 9,
        "left": 46.300315856933594,
        "top": 219.79669189453125,
        "width": 812.0006103515625,
        "height": 72.5649642944336,
        "tipo": "tabla",
        "filas": 4,
        "columnas": 19
    },
    "__FUNNEL_LaPau_WAVE_DEMOS": {
        "slide_num": 9,
        "left": 47.07960510253906,
        "top": 303.7969970703125,
        "width": 812.0006103515625,
        "height": 72.5649642944336,
        "tipo": "tabla",
        "filas": 4,
        "columnas": 19
    },
    "__FUNNEL_Sancor_WAVE_DEMOS": {
        "slide_num": 9,
        "left": 47.858741760253906,
        "top": 390.602294921875,
        "width": 812.0006103515625,
        "height": 72.5649642944336,
        "tipo": "tabla",
        "filas": 4,
        "columnas": 19
    },
    "__FUNNEL_LS_WAVE_DEMOS": {
        "slide_num": 9,
        "left": 47.39133834838867,
        "top": 133.92645263671875,
        "width": 812.0006103515625,
        "height": 72.5649642944336,
        "tipo": "tabla",
        "filas": 4,
        "columnas": 19
    },
    "__FUNNEL_Pdagua_WAVE_DEMOS": {
        "slide_num": 10,
        "left": 47.39133834838867,
        "top": 133.92645263671875,
        "width": 812.0006103515625,
        "height": 72.5649642944336,
        "tipo": "tabla",